{
    "accuracy": 0.6781997746404189,
    "classification_report": {
        "0": {
            "precision": 0.771004942339374,
            "recall": 0.5379310344827586,
            "f1-score": 0.6337169939065673,
            "support": 870.0
        },
        "1": {
            "precision": 0.7945736434108527,
            "recall": 0.22355507088331517,
            "f1-score": 0.34893617021276596,
            "support": 917.0
        },
        "2": {
            "precision": 0.5292096219931272,
            "recall": 0.5310344827586206,
            "f1-score": 0.5301204819277109,
            "support": 1740.0
        },
        "3": {
            "precision": 0.7298624754420432,
            "recall": 0.8182819383259912,
            "f1-score": 0.7715472481827622,
            "support": 908.0
        },
        "4": {
            "precision": 0.5228270412642669,
            "recall": 0.6884393063583815,
            "f1-score": 0.594311377245509,
            "support": 1730.0
        },
        "5": {
            "precision": 0.5997295469912103,
            "recall": 0.5022650056625142,
            "f1-score": 0.5466872110939908,
            "support": 1766.0
        },
        "6": {
            "precision": 0.772976262933658,
            "recall": 0.7379430563625798,
            "f1-score": 0.7550535077288941,
            "support": 1721.0
        },
        "7": {
            "precision": 0.6744897959183673,
            "recall": 0.7610823258491652,
            "f1-score": 0.7151744657830673,
            "support": 1737.0
        },
        "8": {
            "precision": 0.8130841121495327,
            "recall": 0.8396782841823056,
            "f1-score": 0.8261672381957267,
            "support": 1865.0
        },
        "9": {
            "precision": 0.7624309392265194,
            "recall": 0.9034369885433715,
            "f1-score": 0.8269662921348314,
            "support": 1833.0
        },
        "accuracy": 0.6781997746404189,
        "macro avg": {
            "precision": 0.6970188381668951,
            "recall": 0.6543647493409004,
            "f1-score": 0.6548680986411826,
            "support": 15087.0
        },
        "weighted avg": {
            "precision": 0.6868409933695367,
            "recall": 0.6781997746404189,
            "f1-score": 0.6685376374825673,
            "support": 15087.0
        }
    },
    "confusion_matrix": [
        [
            468,
            2,
            8,
            72,
            197,
            3,
            34,
            9,
            65,
            12
        ],
        [
            10,
            205,
            186,
            18,
            69,
            59,
            107,
            248,
            1,
            14
        ],
        [
            9,
            12,
            924,
            25,
            163,
            318,
            14,
            53,
            6,
            216
        ],
        [
            27,
            0,
            8,
            743,
            45,
            21,
            8,
            50,
            0,
            6
        ],
        [
            40,
            0,
            33,
            24,
            1191,
            99,
            53,
            14,
            223,
            53
        ],
        [
            8,
            9,
            429,
            39,
            149,
            887,
            19,
            51,
            12,
            163
        ],
        [
            10,
            16,
            55,
            7,
            114,
            7,
            1270,
            208,
            30,
            4
        ],
        [
            10,
            13,
            61,
            60,
            97,
            39,
            130,
            1322,
            2,
            3
        ],
        [
            25,
            0,
            9,
            16,
            179,
            15,
            6,
            4,
            1566,
            45
        ],
        [
            0,
            1,
            33,
            14,
            74,
            31,
            2,
            1,
            21,
            1656
        ]
    ]
}